fv_heavy_aho,fv_light_aho
QVQLVQS-GAEVKKPGSSVKVSCKAAG-GTFSS-----YGINWVRQAPGQGLEWMGRIIPT---LGMTNYAQRFGDRVTITADKSTATAYMELYSLRSEDTAVYYCARDFDSSG-----------------EGYPLEYWGQGTLVTVSS,DIQMTQSPSSLSASVGDRVTITCRAS--HGID------NSLAWYQQKPGKAPKLLIYD--------ASSLESGVPSRFSGSGSG--TDFTLTISSLQPEDVAIYYCQQYSF-----------------------WPPTFGQGTKVEIK
QVQLVQS-GAEVKKPGSSVRVSCKAAG-GMFSS-----NAISWVRQAPGQGLEWMGRIVPI---IDVVNYAQNFQGRVTFIADKSTSTVYMDLRSLTSEDTAVYYCAREGSGG--------------------RIVGAWGQGTLVTVSS,DIQLTQSPSSLSASVGDRVTITCRAS--QGIG------NYLAWFQQKPGKAPKSLIYA--------ASSTLQSGVPSKFSGSGSG--TDFTLTITSLQPEDFATYYCQQYND-----------------------YPPTFGPGTKVEIK
QVQLVQS-GAEVKKPGSSVKVSCKASG-GTFTN-----DGINWVRQAPGQGLEWMGRIIPL---LGMLTYAQRFQDRVTITADKSTATAYMELSSLRSEDTAVYYCARSGLGTMVRG------------VILRSPLDSWGQGTLVTVSS,DIEMTQSPSSLSASVGDRVTITCQAS--QDIG------NSLNWYQQRPGKAPKLLIYD--------ASSLETGVPSRFSGSGSG--TDFSFTISGLQPEDIATYYCQQYDN-----------------------FPYTFGQGTRLDTK
QVQLMQS-GAEVKKPGSSVKVSCKSSG-AIFST-----YAIAWVRQAPGQGPQWMGRFIPI---HDISNYARSFQGRLMITADRSTGTVYMELSSLRSEDTAVYYCATGDEM----------------------TIDLWGLGTLVTVSS,QSALTQP-RSVSGSPGQSVTLSCTGTS-GDVGT----YNYVSWYQHFPGKPPKLLIYD--------VTKRPSGVPDRFSGSKSG--TTASLTISGLQADDEADYYCCSYAGS---------------------YTYWIFGGGTKLTVL
QVQLVQS-GAEVRKPGSSVKVSCKAST-GTFSS-----YAISWVRQAPGQGLEWMGRIIPT---LNVANYAREFQDRVTITADKSTSTAYMELSSLRSDDTAVYFCARELFTTGWSR-----------MDYFYYYMDVWGTGTTVAVSS,DIQMTQSPSSLSASVGDRVTITCRAS--QGIG------NYLAWYQQKPGEVPKVLIYA--------ASTLQSGVPSRFSGSGSG--TDFTLTISSLQPEDVATYYCQKYNK-----------------------APPTFGQGTKVEIK
QVQLVQS-GAEVKKPGSSVKVSCKASG-YTFNH-----YPISWVRQAPGQGLQWMGRIIPI---IDVTNYAQKFQGRVTITADKSTNTAYMELNSLRSEDTAVYYCARDFDSSG-----------------QYSLGDYWGQGTLVTVSS,SSELTQP-PSVSVSPGQTATITCSGD---ILRE-----RYAYWYQQKPGQSPVLVFYQ--------NKKRPSGIPERFSGSSSG--DTATLTISGTQAMDEADYYCQAWDY-----------------------STAVFGTGTKVTVL
QVQLLQS-GAEVKKPGSSVKVSCNISG-NTFSS-----DPLSWVRQVPGQGLEWMGRIILT---LGVTKYAPKFQGRVTITADRSTSTLYMELSSLRSDDTAVYYCARDDSSG--------------------PAAGYWGQGTLVTVSS,EIVLTQSPVTLSLSPGERATLSCRAS--QSVS------TFLAWYQQKPGQAPRLIMWD--------ASNRATGVPVRFSGSGSG--TDFTLTISSLDPEDVAVYYCQQRSN-----------------------WPRTFGQGTKVEIK
QVQLVQS-GAEVKKPGSSVMVSCRASG-GTYNN-----YVISWVRQAPGQGLEWMGRIIPM---LGITNYSLKFHGRVTITADKSTNTAYMKLSSLTSEDTAVYYCARTLHCSRNSCYESL---AYPSPTSYYFYMDVWGTGTTVTVSS,DIQMTQSPSTLSASVGDRVTITCRAS--QSIS------RWLAWYQQKPGKAPKLLIYK--------ASNLESGVPSRFSGSGSG--TEFTLTISSLQPDDFATYYCLQFYS-----------------------DEGTFGQGTKVEIK
--QLVQS-GAEVKKPGSSVKVSCKASG-GTFSS-----YGINWMRQAPGQGLEWMGRIIPI---LGTANYAQRFQGRVTIVADKSTSTAYMELYSLRSEDTAFYYCARELTYYYDDS------------GYQGQYFQEWGQGTLVTVSS,DIQMTQSPSSLSASVGDRVTITCRAS--QGIS------YSLAWYQQKPGQAPKLLLYA--------ASRLESGVPSRFSGSGSG--TDYTLTISSLQPEDFATYYCQQYSD------------------------IVTFGGGTKVEIK
QVQLVQS-GTEVKKPGSSVKVSCKASG-GTFSS-----YAVSWVRQAPGQGLEWMGRFIPI---LNIKNYAQDFQGRVTITADKSTTTAYMELINLGPEDTAVYYCARGSLSGR-----------------EGLPLEYWGQGTLVSVSS,EVVMTQSPATLSVSPGESATLYCRAS--QIVT------SDLAWYQQIPGQAPRLLIFA--------ASTRATGIPARFSGSGSE--TDFTLTISSLQSEDFAIYYCQQYFH-----------------------WPPTFGQGTKVEIK
QVQLVQS-GAEVKKPGSSVKVSCKASG-GTFTN-----DGINWVRQAPGQGLEWMGRIIPL---LGMLTYAQRFQDRVTITADKSTATAYMELSSLRSEDTAVYYCARSGLGTMVRG------------VILRSPLDSWGQGTLVTVSS,DIEMTQSPSSLSASVGDRVTITCQAS--QDIG------NSLNWYQQRPGKAPKLLIYD--------ASSLETGVPSRFSGSGSG--TDFSFTISGLQPEDIATYYCQQYDN-----------------------FPYTFGQGTRLDTK
QVQLVQS-GAEVKKPASSVKVSCKASG-YTFNH-----YPISWVRQAPGQGLQWMGRIIPI---IDVTNYAQKFQGRVTITADKSTNTAYMELNSLRSEDTAVYYCARDFDSSG-----------------QYSLGDYWGQGTLVTVSS,SSELTQP-PSVSVSPGQTATITCSGD---ILRE-----RYAYWYQQKPGQSPVLVFYQ--------NKKRPSGIPERFSGSSSG--DTATLTISGTQAMDEADYYCQAWDY-----------------------STAVFGTGTKVTVL
QVQLMQS-GAEVKKPGSSVKVSCKSSG-AIFST-----YAIAWVRQAPGQGPQWMGRFIPI---HDISNYARSFQGRLMITADRSTGTVYMELSSLRSEDTAVYYCATGDEM----------------------TIDLWGLGTLVTVSS,QSALTQP-RSVSGSPGQSVTLSCTGTS-GDVGT----YNYVSWYQHFPGKPPKLLIYD--------VTKRPSGVPDRFSGSKSG--TTASLTISGLQADDEADYYCCSYAGS---------------------YTYWIFGGGTKLTVL
QVQLLQS-GAEVKKPGSSVKVSCNISG-NTFSS-----DPLSWVRQVPGQGLEWMGRIILT---LGVTKYAPKFQGRVTITADRSTSTLYMELSSLRSDDTAVYYCARDDSSG--------------------PAAGYWGQGTLVTVSS,EIVLTQSPVTLSLSPGERATLSCRAS--QSVS------TFLAWYQQKPGQAPRLIMWD--------ASNRATGVPVRFSGSGSG--TDFTLTISSLDPEDVAVYYCQQRSN-----------------------WPRTFGQGTKVEIK
QVQLVQS-GAEVKKPGSSVMVSCRASG-GTYNN-----YVISWVRQAPGQGLEWMGRIIPM---LGITNYSLKFHGRVTITADKSTNTAYMKLSSLTSEDTAVYYCARTLHCSRNSCYESL---AYPSPTSYYFYMDVWGTGTTVTVSS,DIQMTQSPSTLSASVGDRVTITCRAS--QSIS------RWLAWYQQKPGKAPKLLIYK--------ASNLESGVPSRFSGSGSG--TEFTLTISSLQPDDFATYYCLQFYS-----------------------DEGTFGQGTKVEIK
QVQLVQS-GTEVKKPGSSVKVSCKASG-GTFSS-----YAVSWVRQAPGQGLEWMGRFIPI---LNIKNYAQDFQGRVTITADKSTTTAYMELINLGPEDTAVYYCARGSLSGR-----------------EGLPLEYWGQGTLVSVSS,EVVMTQSPATLSVSPGESATLYCRAS--QIVT------SDLAWYQQIPGQAPRLLIFA--------ASTRATGIPARFSGSGSE--TDFTLTISSLQSEDFAIYYCQQYFH-----------------------WPPTFGQGTKVEIK
QVQLLQS-GAEVKKPGSSVKVSCNISG-NTFSS-----DPLSWVRQVPGQGLEWMGRIILT---LGVTKYAPKFQGRVTITADRSTSTLYMELSSLRSDDTAVYYCARDDSSG--------------------PAAGYWGQGTLVTVSS,EIVLTQSPVTLSLSPGERATLSCRAS--QSVS------TFLAWYQQKPGQAPRLIMWD--------ASNRATGVPVRFSGSGSG--TDFTLTISSLDPEDVAVYYCQQRSN-----------------------WPRTFGQGTKVEIK
QVQLVQS-GAEVKKPGSSVMVSCRASG-GTYNN-----YVISWVRQAPGQGLEWMGRIIPM---LGITNYSLKFHGRVTITADKSTNTAYMKLSSLTSEDTAVYYCARTLHCSRNSCYESL---AYPSPTSYYFYMDVWGTGTTVTVSS,DIQMTQSPSTLSASVGDRVTITCRAS--QSIS------RWLAWYQQKPGKAPKLLIYK--------ASNLESGVPSRFSGSGSG--TEFTLTISSLQPDDFATYYCLQFYS-----------------------DEGTFGQGTKVEIK
--QLVQS-GAEVKKPGSSVKVSCKASG-GTFSS-----YGINWMRQAPGQGLEWMGRIIPI---LGTANYAQRFQGRVTIVADKSTSTAYMELYSLRSEDTAFYYCARELTYYYDDS------------GYQGQYFQEWGQGTLVTVSS,DIQMTQSPSSLSASVGDRVTITCRAS--QGIS------YSLAWYQQKPGQAPKLLLYA--------ASRLESGVPSRFSGSGSG--TDYTLTISSLQPEDFATYYCQQYSD------------------------IVTFGGGTKVEIK
QVQLLQS-GAEVKKPGSSVKVSCNISG-NTFSS-----DPLSWVRQVPGQGLEWMGRIILT---LGVTKYAPKFQGRVTITADRSTSTLYMELSSLRSDDTAVYYCARDDSSG--------------------PAAGYWGQGTLVTVSS,EIVLTQSPVTLSLSPGERATLSCRAS--QSVS------TFLAWYQQKPGQAPRLIMWD--------ASNRATGVPVRFSGSGSG--TDFTLTISSLDPEDVAVYYCQQRSN-----------------------WPRTFGQGTKVEIK
QVQLVQS-GAEVKKPGSSVKVSCKASG-GTFTN-----DGINWVRQAPGQGLEWMGRIIPL---LGMLTYAQRFQDRVTITADKSTATAYMELSSLRSEDTAVYYCARSGLGTMVRG------------VILRSPLDSWGQGTLVTVSS,DIEMTQSPSSLSASVGDRVTITCQAS--QDIG------NSLNWYQQRPGKAPKLLIYD--------ASSLETGVPSRFSGSGSG--TDFSFTISGLQPEDIATYYCQQYDN-----------------------FPYTFGQGTRLDTK
QVQLVQS-GAEVKKPGSSVKVSCKASG-YTFNH-----YPISWVRQAPGQGLQWMGRIIPI---IDVTNYAQKFQGRVTITADKSTNTAYMELNSLRSEDTAVYYCARDFDSSG-----------------QYSLGDYWGQGTLVTVSS,SSELTQP-PSVSVSPGQTATITCSGD---ILRE-----RYAYWYQQKPGQSPVLVFYQ--------NKKRPSGIPERFSGSSSG--DTATLTISGTQAMDEADYYCQAWDY-----------------------STAVFGTGTKVTVL
QVQLMQS-GAEVKKPGSSVKVSCKSSG-AIFST-----YAIAWVRQAPGQGPQWMGRFIPI---HDISNYARSFQGRLMITADRSTGTVYMELSSLRSEDTAVYYCATGDEM----------------------TIDLWGLGTLVTVSS,QSALTQP-RSVSGSPGQSVTLSCTGTS-GDVGT----YNYVSWYQHFPGKPPKLLIYD--------VTKRPSGVPDRFSGSKSG--TTASLTISGLQADDEADYYCCSYAGS---------------------YTYWIFGGGTKLTVL
QVQLVQS-GAEVKKPGSSVKVSCKASG-GTFTN-----DGINWVRQAPGQGLEWMGRIIPL---LGMLTYAQRFQDRVTITADKSTATAYMELSSLRSEDTAVYYCARSGLGTMVRG------------VILRSPLDSWGQGTLVTVSS,DIEMTQSPSSLSASVGDRVTITCQAS--QDIG------NSLNWYQQRPGKAPKLLIYD--------ASSLETGVPSRFSGSGSG--TDFSFTISGLQPEDIATYYCQQYDN-----------------------FPYTFGQGTRLDTK
QVQLLQS-GAEVKKPGSSVKVSCNISG-NTFSS-----DPLSWVRQVPGQGLEWMGRIILT---LGVTKYAPKFQGRVTITADRSTSTLYMELSSLRSDDTAVYYCARDDSSG--------------------PAAGYWGQGTLVTVSS,EIVLTQSPVTLSLSPGERATLSCRAS--QSVS------TFLAWYQQKPGQAPRLIMWD--------ASNRATGVPVRFSGSGSG--TDFTLTISSLDPEDVAVYYCQQRSN-----------------------WPRTFGQGTKVEIK
QVQLVQS-GAEVKKPGSSVMVSCRASG-GTYNN-----YVISWVRQAPGQGLEWMGRIIPM---LGITNYSLKFHGRVTITADKSTNTAYMKLSSLTSEDTAVYYCARTLHCSRNSCYESL---AYPSPTSYYFYMDVWGTGTTVTVSS,DIQMTQSPSTLSASVGDRVTITCRAS--QSIS------RWLAWYQQKPGKAPKLLIYK--------ASNLESGVPSRFSGSGSG--TEFTLTISSLQPDDFATYYCLQFYS-----------------------DEGTFGQGTKVEIK
QVQLLQS-GAEVKKPGSSVKVSCNISG-NTFSS-----DPLSWVRQVPGQGLEWMGRIILT---LGVTKYAPKFQGRVTITADRSTSTLYMELSSLRSDDTAVYYCARDDSSG--------------------PAAGYWGQGTLVTVSS,EIVLTQSPVTLSLSPGERATLSCRAS--QSVS------TFLAWYQQKPGQAPRLIMWD--------ASNRATGVPVRFSGSGSG--TDFTLTISSLDPEDVAVYYCQQRSN-----------------------WPRTFGQGTKVEIK
QVQLVQS-GAEVKKPGSSVKVSCKASG-GTFSS-----YAVSWVRQAPGQGLEWMGRFIPI---LNIKNYAQDFQGRVTITADKSTTTAYMELINLGPEDTAVYYCARGSLSGR-----------------EGLPLEYWGQGTLVSVSS,EVVMTQSPATLSVSPGESATLYCRAS--QIVT------SDLAWYQQIPGQAPRLLIFA--------ASTRATGIPARFSGSGSE--TDFTLTISSLQSEDFAIYYCQQYFH-----------------------WPPTFGQGTKVEIK
QVQLLQS-GAEVKKPGSSVKVSCNISG-NTFSS-----DPLSWVRQVPGQGLEWMGRIILT---LGVTKYAPKFQGRVTITADRSTSTLYMELSSLRSDDTAVYYCARDDSSG--------------------PAAGYWGQGTLVTVSS,EIVLTQSPVTLSLSPGERATLSCRAS--QSVS------TFLAWYQQKPGQAPRLIMWD--------ASNRATGVPVRFSGSGSG--TDFTLTISSLDPEDVAVYYCQQRSN-----------------------WPRTFGQGTKVEIK
QVQLVQS-GAEVKKPGSSVMVSCRASG-GTYNN-----YVISWVRQAPGQGLEWMGRIIPM---LGITNYSLKFHGRVTITADKSTNTAYMKLSSLTSEDTAVYYCARTLHCSRNSCYESL---AYPSPTSYYFYMDVWGTGTTVTVSS,DIQMTQSPSTLSASVGDRVTITCRAS--QSIS------RWLAWYQQKPGKAPKLLIYK--------ASNLESGVPSRFSGSGSG--TEFTLTISSLQPDDFATYYCLQFYS-----------------------DEGTFGQGTKVEIK
--QLVQS-GAEVKKPGSSVKVSCKASG-GTFSS-----YGINWMRQAPGQGLEWMGRIIPI---LGTANYAQRFQGRVTIVADKSTSTAYMELYSLRSEDTAFYYCARELTYYYDDS------------GYQGQYFQEWGQGTLVTVSS,DIQMTQSPSSLSASVGDRVTITCRAS--QGIS------YSLAWYQQKPGQAPKLLLYA--------ASRLESGVPSRFSGSGSG--TDYTLTISSLQPEDFATYYCQQYSD------------------------IVTFGGGTKVEIK
QVQLLQS-GAEVKKPGSSVKVSCNISG-NTFSS-----DPLSWVRQVPGQGLEWMGRIILT---LGVTKYAPKFQGRVTITADRSTSTLYMELSSLRSDDTAVYYCARDDSSG--------------------PAAGYWGQGTLVTVSS,EIVLTQSPVTLSLSPGERATLSCRAS--QSVS------TFLAWYQQKPGQAPRLIMWD--------ASNRATGVPVRFSGSGSG--TDFTLTISSLDPEDVAVYYCQQRSN-----------------------WPRTFGQGTKVEIK
QVQLVQS-GAEVKKPGSSVKVSCKASG-GTFSS-----YAVSWVRQAPGQGLEWMGRFIPI---LNIKNYAQDFQGRVTITADKSTTTAYMELINLGPEDTAVYYCARGSLSGR-----------------EGLPLEYWGQGTLVSVSS,EVVMTQSPATLSVSPGESATLYCRAS--QIVT------SDLAWYQQIPGQAPRLLIFA--------ASTRATGIPARFSGSGSE--TDFTLTISSLQSEDFAIYYCQQYFH-----------------------WPPTFGQGTKVEIK
QVQLVQS-GAEVKKPGSSVKVSCKASG-GTFTN-----DGINWVRQAPGQGLEWMGRIIPL---LGMLTYAQRFQDRVTITADKSTATAYMELSSLRSEDTAVYYCARSGLGTMVRG------------VILRSPLDSWGQGTLVTVSS,DIEMTQSPSSLSASVGDRVTITCQAS--QDIG------NSLNWYQQRPGKAPKLLIYD--------ASSLETGVPSRFSGSGSG--TDFSFTISGLQPEDIATYYCQQYDN-----------------------FPYTFGQGTRLDTK
QVQLVQS-GAEVKKPGSSVKVSCKASG-YTFNH-----YPISWVRQAPGQGLQWMGRIIPI---IDVTNYAQKFQGRVTITADKSTNTAYMELNSLRSEDTAVYYCARDFDSSG-----------------QYSLGDYWGQGTLVTVSS,SSELTQP-PSVSVSPGQTATITCSGD---ILRE-----RYAYWYQQKPGQSPVLVFYQ--------NKKRPSGIPERFSGSSSG--DTATLTISGTQAMDEADYYCQAWDY-----------------------STAVFGTGTKVTVL
QVQLMQS-GAEVKKPGSSVKVSCKSSG-AIFST-----YAIAWVRQAPGQGPQWMGRFIPI---HDISNYARSFQGRLMITADRSTGTVYMELSSLRSEDTAVYYCATGDEM----------------------TIDLWGLGTLVTVSS,QSALTQP-RSVSGSPGQSVTLSCTGTS-GDVGT----YNYVSWYQHFPGKPPKLLIYD--------VTKRPSGVPDRFSGSKSG--TTASLTISGLQADDEADYYCCSYAGS---------------------YTYWIFGGGTKLTVL
QVQLLQS-GAEVKKPGSSVKVSCNISG-NTFSS-----DPLSWVRQVPGQGLEWMGRIILT---LGVTKYAPKFQGRVTITADRSTSTLYMELSSLRSDDTAVYYCARDDSSG--------------------PAAGYWGQGTLVTVSS,EIVLTQSPVTLSLSPGERATLSCRAS--QSVS------TFLAWYQQKPGQAPRLIMWD--------ASNRATGVPVRFSGSGSG--TDFTLTISSLDPEDVAVYYCQQRSN-----------------------WPRTFGQGTKVEIK
QVQLVQS-GAEVKKPGSSVMVSCRASG-GTYNN-----YVISWVRQAPGQGLEWMGRIIPM---LGITNYSLKFHGRVTITADKSTNTAYMKLSSLTSEDTAVYYCARTLHCSRNSCYESL---AYPSPTSYYFYMDVWGTGTTVTVSS,DIQMTQSPSTLSASVGDRVTITCRAS--QSIS------RWLAWYQQKPGKAPKLLIYK--------ASNLESGVPSRFSGSGSG--TEFTLTISSLQPDDFATYYCLQFYS-----------------------DEGTFGQGTKVEIK
QVQLLQS-GAEVKKPGSSVKVSCNISG-NTFSS-----DPLSWVRQVPGQGLEWMGRIILT---LGVTKYAPKFQGRVTITADRSTSTLYMELSSLRSDDTAVYYCARDDSSG--------------------PAAGYWGQGTLVTVSS,EIVLTQSPVTLSLSPGERATLSCRAS--QSVS------TFLAWYQQKPGQAPRLIMWD--------ASNRATGVPVRFSGSGSG--TDFTLTISSLDPEDVAVYYCQQRSN-----------------------WPRTFGQGTKVEIK
QVQLVQS-GAEVKKPGSSVKVSCKASG-GTFSS-----YAVSWVRQAPGQGLEWMGRFIPI---LNIKNYAQDFQGRVTITADKSTTTAYMELINLGPEDTAVYYCARGSLSGR-----------------EGLPLEYWGQGTLVSVSS,EVVMTQSPATLSVSPGESATLYCRAS--QIVT------SDLAWYQQIPGQAPRLLIFA--------ASTRATGIPARFSGSGSE--TDFTLTISSLQSEDFAIYYCQQYFH-----------------------WPPTFGQGTKVEIK
QVQLLQS-GAEVKKPGSSVKVSCNISG-NTFSS-----DPLSWVRQVPGQGLEWMGRIILT---LGVTKYAPKFQGRVTITADRSTSTLYMELSSLRSDDTAVYYCARDDSSG--------------------PAAGYWGQGTLVTVSS,EIVLTQSPVTLSLSPGERATLSCRAS--QSVS------TFLAWYQQKPGQAPRLIMWD--------ASNRATGVPVRFSGSGSG--TDFTLTISSLDPEDVAVYYCQQRSN-----------------------WPRTFGQGTKVEIK
QVQLVQS-GAEVKKPGSSVMVSCRASG-GTYNN-----YVISWVRQAPGQGLEWMGRIIPM---LGITNYSLKFHGRVTITADKSTNTAYMKLSSLTSEDTAVYYCARTLHCSRNSCYESL---AYPSPTSYYFYMDVWGTGTTVTVSS,DIQMTQSPSTLSASVGDRVTITCRAS--QSIS------RWLAWYQQKPGKAPKLLIYK--------ASNLESGVPSRFSGSGSG--TEFTLTISSLQPDDFATYYCLQFYS-----------------------DEGTFGQGTKVEIK
--QLVQS-GAEVKKPGSSVKVSCKASG-GTFSS-----YGINWMRQAPGQGLEWMGRIIPI---LGTANYAQRFQGRVTIVADKSTSTAYMELYSLRSEDTAFYYCARELTYYYDDS------------GYQGQYFQEWGQGTLVTVSS,DIQMTQSPSSLSASVGDRVTITCRAS--QGIS------YSLAWYQQKPGQAPKLLLYA--------ASRLESGVPSRFSGSGSG--TDYTLTISSLQPEDFATYYCQQYSD------------------------IVTFGGGTKVEIK
QVQLLQS-GAEVKKPGSSVKVSCNISG-NTFSS-----DPLSWVRQVPGQGLEWMGRIILT---LGVTKYAPKFQGRVTITADRSTSTLYMELSSLRSDDTAVYYCARDDSSG--------------------PAAGYWGQGTLVTVSS,EIVLTQSPVTLSLSPGERATLSCRAS--QSVS------TFLAWYQQKPGQAPRLIMWD--------ASNRATGVPVRFSGSGSG--TDFTLTISSLDPEDVAVYYCQQRSN-----------------------WPRTFGQGTKVEIK
QVQLVQS-GAEVKKPGSSVMVSCRASG-GTYNN-----YVISWVRQAPGQGLEWMGRIIPM---LGITNYSLKFHGRVTITADKSTNTAYMKLSSLTSEDTAVYYCARTLHCSRNSCYESL---AYPSPTSYYFYMDVWGTGTTVTVSS,DIQMTQSPSTLSASVGDRVTITCRAS--QSIS------RWLAWYQQKPGKAPKLLIYK--------ASNLESGVPSRFSGSGSG--TEFTLTISSLQPDDFATYYCLQFYS-----------------------DEGTFGQGTKVEIK
QVQLVQS-GAEVKKPGSSVKVSCKASG-GTFSS-----YAVSWVRQAPGQGLEWMGRFIPI---LNIKNYAQDFQGRVTITADKSTTTAYMELINLGPEDTAVYYCARGSLSGR-----------------EGLPLEYWGQGTLVSVSS,EVVMTQSPATLSVSPGESATLYCRAS--QIVT------SDLAWYQQIPGQAPRLLIFA--------ASTRATGIPARFSGSGSE--TDFTLTISSLQSEDFAIYYCQQYFH-----------------------WPPTFGQGTKVEIK
QVQLLQS-GAEVKKPGSSVKVSCNISG-NTFSS-----DPLSWVRQVPGQGLEWMGRIILT---LGVTKYAPKFQGRVTITADRSTSTLYMELSSLRSDDTAVYYCARDDSSG--------------------PAAGYWGQGTLVTVSS,EIVLTQSPVTLSLSPGERATLSCRAS--QSVS------TFLAWYQQKPGQAPRLIMWD--------ASNRATGVPVRFSGSGSG--TDFTLTISSLDPEDVAVYYCQQRSN-----------------------WPRTFGQGTKVEIK
QVQLVQS-GAEVKKPGSSVMVSCRASG-GTYNN-----YVISWVRQAPGQGLEWMGRIIPM---LGITNYSLKFHGRVTITADKSTNTAYMKLSSLTSEDTAVYYCARTLHCSRNSCYESL---AYPSPTSYYFYMDVWGTGTTVTVSS,DIQMTQSPSTLSASVGDRVTITCRAS--QSIS------RWLAWYQQKPGKAPKLLIYK--------ASNLESGVPSRFSGSGSG--TEFTLTISSLQPDDFATYYCLQFYS-----------------------DEGTFGQGTKVEIK
--QLVQS-GAEVKKPGSSVKVSCKASG-GTFSS-----YGINWMRQAPGQGLEWMGRIIPI---LGTANYAQRFQGRVTIVADKSTSTAYMELYSLRSEDTAFYYCARELTYYYDDS------------GYQGQYFQEWGQGTLVTVSS,DIQMTQSPSSLSASVGDRVTITCRAS--QGIS------YSLAWYQQKPGQAPKLLLYA--------ASRLESGVPSRFSGSGSG--TDYTLTISSLQPEDFATYYCQQYSD------------------------IVTFGGGTKVEIK
QVQLVQS-GAEVKKPGSSVKVSCKASG-GTFTN-----DGINWVRQAPGQGLEWMGRIIPL---LGMLTYAQRFQDRVTITADKSTATAYMELSSLRSEDTAVYYCARSGLGTMVRG------------VILRSPLDSWGQGTLVTVSS,DIEMTQSPSSLSASVGDRVTITCQAS--QDIG------NSLNWYQQRPGKAPKLLIYD--------ASSLETGVPSRFSGSGSG--TDFSFTISGLQPEDIATYYCQQYDN-----------------------FPYTFGQGTRLDTK
QVQLVQS-GAEVKKPGSSVKVSCKASG-YTFNH-----YPISWVRQAPGQGLQWMGRIIPI---IDVTNYAQKFQGRVTITADKSTNTAYMELNSLRSEDTAVYYCARDFDSSG-----------------QYSLGDYWGQGTLVTVSS,SSELTQP-PSVSVSPGQTATITCSGD---ILRE-----RYAYWYQQKPGQSPVLVFYQ--------NKKRPSGIPERFSGSSSG--DTATLTISGTQAMDEADYYCQAWDY-----------------------STAVFGTGTKVTVL
QVQLMQS-GAEVKKPGSSVKVSCKSSG-AIFST-----YAIAWVRQAPGQGPQWMGRFIPI---HDISNYARSFQGRLMITADRSTGTVYMELSSLRSEDTAVYYCATGDEM----------------------TIDLWGLGTLVTVSS,QSALTQP-RSVSGSPGQSVTLSCTGTS-GDVGT----YNYVSWYQHFPGKPPKLLIYD--------VTKRPSGVPDRFSGSKSG--TTASLTISGLQADDEADYYCCSYAGS---------------------YTYWIFGGGTKLTVL
QVQLLQS-GAEVKKPGSSVKVSCNISG-NTFSS-----DPLSWVRQVPGQGLEWMGRIILT---LGVTKYAPKFQGRVTITADRSTSTLYMELSSLRSDDTAVYYCARDDSSG--------------------PAAGYWGQGTLVTVSS,EIVLTQSPVTLSLSPGERATLSCRAS--QSVS------TFLAWYQQKPGQAPRLIMWD--------ASNRATGVPVRFSGSGSG--TDFTLTISSLDPEDVAVYYCQQRSN-----------------------WPRTFGQGTKVEIK
QVQLVQS-GAEVKKPGSSVMVSCRASG-GTYNN-----YVISWVRQAPGQGLEWMGRIIPM---LGITNYSLKFHGRVTITADKSTNTAYMKLSSLTSEDTAVYYCARTLHCSRNSCYESL---AYPSPTSYYFYMDVWGTGTTVTVSS,DIQMTQSPSTLSASVGDRVTITCRAS--QSIS------RWLAWYQQKPGKAPKLLIYK--------ASNLESGVPSRFSGSGSG--TEFTLTISSLQPDDFATYYCLQFYS-----------------------DEGTFGQGTKVEIK
QVQLLQS-GAEVKKPGSSVKVSCNISG-NTFSS-----DPLSWVRQVPGQGLEWMGRIILT---LGVTKYAPKFQGRVTITADRSTSTLYMELSSLRSDDTAVYYCARDDSSG--------------------PAAGYWGQGTLVTVSS,EIVLTQSPVTLSLSPGERATLSCRAS--QSVS------TFLAWYQQKPGQAPRLIMWD--------ASNRATGVPVRFSGSGSG--TDFTLTISSLDPEDVAVYYCQQRSN-----------------------WPRTFGQGTKVEIK
QVQLVQS-GAEVKKPGSSVKVSCKASG-GTFSS-----YAVSWVRQAPGQGLEWMGRFIPI---LNIKNYAQDFQGRVTITADKSTTTAYMELINLGPEDTAVYYCARGSLSGR-----------------EGLPLEYWGQGTLVSVSS,EVVMTQSPATLSVSPGESATLYCRAS--QIVT------SDLAWYQQIPGQAPRLLIFA--------ASTRATGIPARFSGSGSE--TDFTLTISSLQSEDFAIYYCQQYFH-----------------------WPPTFGQGTKVEIK
QVQLLQS-GAEVKKPGSSVKVSCNISG-NTFSS-----DPLSWVRQVPGQGLEWMGRIILT---LGVTKYAPKFQGRVTITADRSTSTLYMELSSLRSDDTAVYYCARDDSSG--------------------PAAGYWGQGTLVTVSS,EIVLTQSPVTLSLSPGERATLSCRAS--QSVS------TFLAWYQQKPGQAPRLIMWD--------ASNRATGVPVRFSGSGSG--TDFTLTISSLDPEDVAVYYCQQRSN-----------------------WPRTFGQGTKVEIK
QVQLVQS-GAEVKKPGSSVMVSCRASG-GTYNN-----YVISWVRQAPGQGLEWMGRIIPM---LGITNYSLKFHGRVTITADKSTNTAYMKLSSLTSEDTAVYYCARTLHCSRNSCYESL---AYPSPTSYYFYMDVWGTGTTVTVSS,DIQMTQSPSTLSASVGDRVTITCRAS--QSIS------RWLAWYQQKPGKAPKLLIYK--------ASNLESGVPSRFSGSGSG--TEFTLTISSLQPDDFATYYCLQFYS-----------------------DEGTFGQGTKVEIK
--QLVQS-GAEVKKPGSSVKVSCKASG-GTFSS-----YGINWMRQAPGQGLEWMGRIIPI---LGTANYAQRFQGRVTIVADKSTSTAYMELYSLRSEDTAFYYCARELTYYYDDS------------GYQGQYFQEWGQGTLVTVSS,DIQMTQSPSSLSASVGDRVTITCRAS--QGIS------YSLAWYQQKPGQAPKLLLYA--------ASRLESGVPSRFSGSGSG--TDYTLTISSLQPEDFATYYCQQYSD------------------------IVTFGGGTKVEIK
QVQLLQS-GAEVKKPGSSVKVSCNISG-NTFSS-----DPLSWVRQVPGQGLEWMGRIILT---LGVTKYAPKFQGRVTITADRSTSTLYMELSSLRSDDTAVYYCARDDSSG--------------------PAAGYWGQGTLVTVSS,EIVLTQSPVTLSLSPGERATLSCRAS--QSVS------TFLAWYQQKPGQAPRLIMWD--------ASNRATGVPVRFSGSGSG--TDFTLTISSLDPEDVAVYYCQQRSN-----------------------WPRTFGQGTKVEIK
QVQLVQS-GAEVKKPGSSVKVSCKASG-GTFSS-----YAVSWVRQAPGQGLEWMGRFIPI---LNIKNYAQDFQGRVTITADKSTTTAYMELINLGPEDTAVYYCARGSLSGR-----------------EGLPLEYWGQGTLVSVSS,EVVMTQSPATLSVSPGESATLYCRAS--QIVT------SDLAWYQQIPGQAPRLLIFA--------ASTRATGIPARFSGSGSE--TDFTLTISSLQSEDFAIYYCQQYFH-----------------------WPPTFGQGTKVEIK
QVQLLQS-GAEVKKPGSSVKVSCNISG-NTFSS-----DPLSWVRQVPGQGLEWMGRIILT---LGVTKYAPKFQGRVTITADRSTSTLYMELSSLRSDDTAVYYCARDDSSG--------------------PAAGYWGQGTLVTVSS,EIVLTQSPVTLSLSPGERATLSCRAS--QSVS------TFLAWYQQKPGQAPRLIMWD--------ASNRATGVPVRFSGSGSG--TDFTLTISSLDPEDVAVYYCQQRSN-----------------------WPRTFGQGTKVEIK
QVQLVQS-GAEVKKPGSSVMVSCRASG-GTYNN-----YVISWVRQAPGQGLEWMGRIIPM---LGITNYSLKFHGRVTITADKSTNTAYMKLSSLTSEDTAVYYCARTLHCSRNSCYESL---AYPSPTSYYFYMDVWGTGTTVTVSS,DIQMTQSPSTLSASVGDRVTITCRAS--QSIS------RWLAWYQQKPGKAPKLLIYK--------ASNLESGVPSRFSGSGSG--TEFTLTISSLQPDDFATYYCLQFYS-----------------------DEGTFGQGTKVEIK
QVQLLQS-GAEVKKPGSSVKVSCNISG-NTFSS-----DPLSWVRQVPGQGLEWMGRIILT---LGVTKYAPKFQGRVTITADRSTSTLYMELSSLRSDDTAVYYCARDDSSG--------------------PAAGYWGQGTLVTVSS,EIVLTQSPVTLSLSPGERATLSCRAS--QSVS------TFLAWYQQKPGQAPRLIMWD--------ASNRATGVPVRFSGSGSG--TDFTLTISSLDPEDVAVYYCQQRSN-----------------------WPRTFGQGTKVEIK
QVQLVQS-GAEVKKPGSSVKVSCKASG-GTFSS-----YAVSWVRQAPGQGLEWMGRFIPI---LNIKNYAQDFQGRVTITADKSTTTAYMELINLGPEDTAVYYCARGSLSGR-----------------EGLPLEYWGQGTLVSVSS,EVVMTQSPATLSVSPGESATLYCRAS--QIVT------SDLAWYQQIPGQAPRLLIFA--------ASTRATGIPARFSGSGSE--TDFTLTISSLQSEDFAIYYCQQYFH-----------------------WPPTFGQGTKVEIK
QVQLLQS-GAEVKKPGSSVKVSCNISG-NTFSS-----DPLSWVRQVPGQGLEWMGRIILT---LGVTKYAPKFQGRVTITADRSTSTLYMELSSLRSDDTAVYYCARDDSSG--------------------PAAGYWGQGTLVTVSS,EIVLTQSPVTLSLSPGERATLSCRAS--QSVS------TFLAWYQQKPGQAPRLIMWD--------ASNRATGVPVRFSGSGSG--TDFTLTISSLDPEDVAVYYCQQRSN-----------------------WPRTFGQGTKVEIK
QVQLVQS-GAEVKKPGSSVMVSCRASG-GTYNN-----YVISWVRQAPGQGLEWMGRIIPM---LGITNYSLKFHGRVTITADKSTNTAYMKLSSLTSEDTAVYYCARTLHCSRNSCYESL---AYPSPTSYYFYMDVWGTGTTVTVSS,DIQMTQSPSTLSASVGDRVTITCRAS--QSIS------RWLAWYQQKPGKAPKLLIYK--------ASNLESGVPSRFSGSGSG--TEFTLTISSLQPDDFATYYCLQFYS-----------------------DEGTFGQGTKVEIK
--QLVQS-GAEVKKPGSSVKVSCKASG-GTFSS-----YGINWMRQAPGQGLEWMGRIIPI---LGTANYAQRFQGRVTIVADKSTSTAYMELYSLRSEDTAFYYCARELTYYYDDS------------GYQGQYFQEWGQGTLVTVSS,DIQMTQSPSSLSASVGDRVTITCRAS--QGIS------YSLAWYQQKPGQAPKLLLYA--------ASRLESGVPSRFSGSGSG--TDYTLTISSLQPEDFATYYCQQYSD------------------------IVTFGGGTKVEIK
QVQLLQS-GAEVKKPGSSVKVSCNISG-NTFSS-----DPLSWVRQVPGQGLEWMGRIILT---LGVTKYAPKFQGRVTITADRSTSTLYMELSSLRSDDTAVYYCARDDSSG--------------------PAAGYWGQGTLVTVSS,EIVLTQSPVTLSLSPGERATLSCRAS--QSVS------TFLAWYQQKPGQAPRLIMWD--------ASNRATGVPVRFSGSGSG--TDFTLTISSLDPEDVAVYYCQQRSN-----------------------WPRTFGQGTKVEIK
QVQLVQS-GAEVKKPGSSVMVSCRASG-GTYNN-----YVISWVRQAPGQGLEWMGRIIPM---LGITNYSLKFHGRVTITADKSTNTAYMKLSSLTSEDTAVYYCARTLHCSRNSCYESL---AYPSPTSYYFYMDVWGTGTTVTVSS,DIQMTQSPSTLSASVGDRVTITCRAS--QSIS------RWLAWYQQKPGKAPKLLIYK--------ASNLESGVPSRFSGSGSG--TEFTLTISSLQPDDFATYYCLQFYS-----------------------DEGTFGQGTKVEIK
QVQLVQS-GAEVKKPGSSVKVSCKASG-GTFSS-----YAVSWVRQAPGQGLEWMGRFIPI---LNIKNYAQDFQGRVTITADKSTTTAYMELINLGPEDTAVYYCARGSLSGR-----------------EGLPLEYWGQGTLVSVSS,EVVMTQSPATLSVSPGESATLYCRAS--QIVT------SDLAWYQQIPGQAPRLLIFA--------ASTRATGIPARFSGSGSE--TDFTLTISSLQSEDFAIYYCQQYFH-----------------------WPPTFGQGTKVEIK
QVQLLQS-GAEVKKPGSSVKVSCNISG-NTFSS-----DPLSWVRQVPGQGLEWMGRIILT---LGVTKYAPKFQGRVTITADRSTSTLYMELSSLRSDDTAVYYCARDDSSG--------------------PAAGYWGQGTLVTVSS,EIVLTQSPVTLSLSPGERATLSCRAS--QSVS------TFLAWYQQKPGQAPRLIMWD--------ASNRATGVPVRFSGSGSG--TDFTLTISSLDPEDVAVYYCQQRSN-----------------------WPRTFGQGTKVEIK
QVQLVQS-GAEVKKPGSSVMVSCRASG-GTYNN-----YVISWVRQAPGQGLEWMGRIIPM---LGITNYSLKFHGRVTITADKSTNTAYMKLSSLTSEDTAVYYCARTLHCSRNSCYESL---AYPSPTSYYFYMDVWGTGTTVTVSS,DIQMTQSPSTLSASVGDRVTITCRAS--QSIS------RWLAWYQQKPGKAPKLLIYK--------ASNLESGVPSRFSGSGSG--TEFTLTISSLQPDDFATYYCLQFYS-----------------------DEGTFGQGTKVEIK
QVQLLQS-GAEVKKPGSSVKVSCNISG-NTFSS-----DPLSWVRQVPGQGLEWMGRIILT---LGVTKYAPKFQGRVTITADRSTSTLYMELSSLRSDDTAVYYCARDDSSG--------------------PAAGYWGQGTLVTVSS,EIVLTQSPVTLSLSPGERATLSCRAS--QSVS------TFLAWYQQKPGQAPRLIMWD--------ASNRATGVPVRFSGSGSG--TDFTLTISSLDPEDVAVYYCQQRSN-----------------------WPRTFGQGTKVEIK
QVQLVQS-GAEVKKPGSSVKVSCKASG-GTFSS-----YAVSWVRQAPGQGLEWMGRFIPI---LNIKNYAQDFQGRVTITADKSTTTAYMELINLGPEDTAVYYCARGSLSGR-----------------EGLPLEYWGQGTLVSVSS,EVVMTQSPATLSVSPGESATLYCRAS--QIVT------SDLAWYQQIPGQAPRLLIFA--------ASTRATGIPARFSGSGSE--TDFTLTISSLQSEDFAIYYCQQYFH-----------------------WPPTFGQGTKVEIK
QVQLLQS-GAEVKKPGSSVKVSCNISG-NTFSS-----DPLSWVRQVPGQGLEWMGRIILT---LGVTKYAPKFQGRVTITADRSTSTLYMELSSLRSDDTAVYYCARDDSSG--------------------PAAGYWGQGTLVTVSS,EIVLTQSPVTLSLSPGERATLSCRAS--QSVS------TFLAWYQQKPGQAPRLIMWD--------ASNRATGVPVRFSGSGSG--TDFTLTISSLDPEDVAVYYCQQRSN-----------------------WPRTFGQGTKVEIK
QVQLVQS-GAEVKKPGSSVMVSCRASG-GTYNN-----YVISWVRQAPGQGLEWMGRIIPM---LGITNYSLKFHGRVTITADKSTNTAYMKLSSLTSEDTAVYYCARTLHCSRNSCYESL---AYPSPTSYYFYMDVWGTGTTVTVSS,DIQMTQSPSTLSASVGDRVTITCRAS--QSIS------RWLAWYQQKPGKAPKLLIYK--------ASNLESGVPSRFSGSGSG--TEFTLTISSLQPDDFATYYCLQFYS-----------------------DEGTFGQGTKVEIK
